{
	"credit": "Made with Blockbench",
	"textures": {
		"0": "entity/boat/items/body",
		"1": "entity/boat/items/oak",
		"particle": "entity/boat/items/body"
	},
	"elements": [
		{
			"from": [-7, 0, 0],
			"to": [23, 3, 16],
			"faces": {
				"north": {"uv": [0.75, 0, 8.25, 0.75], "texture": "#0"},
				"east": {"uv": [0, 0.75, 0.75, 4.75], "rotation": 90, "texture": "#0"},
				"south": {"uv": [0.75, 8.75, 8.25, 9.5], "texture": "#0"},
				"west": {"uv": [0, 4.75, 0.75, 8.75], "rotation": 90, "texture": "#0"},
				"up": {"uv": [0.75, 4.75, 8.25, 8.75], "texture": "#0"},
				"down": {"uv": [0.75, 0.75, 8.25, 4.75], "texture": "#0"}
			}
		},
		{
			"from": [-8, 3, -1],
			"to": [-5, 9, 17],
			"faces": {
				"north": {"uv": [0.75, 4.625, 1, 5.375], "texture": "#1"},
				"east": {"uv": [1, 4.625, 3.25, 5.375], "texture": "#1"},
				"south": {"uv": [0.75, 4.625, 1, 5.375], "texture": "#1"},
				"west": {"uv": [3.5, 4.625, 5.75, 5.375], "texture": "#1"},
				"up": {"uv": [3.25, 4.375, 5.5, 4.625], "rotation": 90, "texture": "#1"},
				"down": {"uv": [1, 4.375, 3.25, 4.625], "rotation": 90, "texture": "#1"}
			}
		},
		{
			"from": [16, 3, -1],
			"to": [24, 9, 17],
			"faces": {
				"north": {"uv": [3.25, 3.625, 4.25, 4.375], "texture": "#1"},
				"east": {"uv": [1, 3.625, 3.25, 4.375], "texture": "#1"},
				"south": {"uv": [0, 3.625, 1, 4.375], "texture": "#1"},
				"west": {"uv": [4.25, 3.625, 6.5, 4.375], "texture": "#1"},
				"up": {"uv": [1, 2.625, 3.25, 3.625], "rotation": 270, "texture": "#1"},
				"down": {"uv": [3.25, 2.625, 5.5, 3.625], "texture": "#1"}
			}
		},
		{
			"from": [-5, 3, -1],
			"to": [4, 9, 1],
			"faces": {
				"north": {"uv": [1.625, 5.625, 2.75, 6.375], "texture": "#1"},
				"east": {"uv": [0, 0, 2, 6], "texture": "#missing"},
				"south": {"uv": [0.25, 5.625, 1.375, 6.375], "texture": "#1"},
				"west": {"uv": [0, 0, 2, 6], "texture": "#missing"},
				"up": {"uv": [0.25, 6.375, 1.375, 6.625], "texture": "#1"},
				"down": {"uv": [1.625, 6.375, 2.5, 6.625], "texture": "#1"}
			}
		},
		{
			"from": [-5, 3, 15],
			"to": [4, 9, 17],
			"rotation": {"angle": 0, "axis": "y", "origin": [8, 8, 24]},
			"faces": {
				"north": {"uv": [1.625, 5.625, 2.75, 6.375], "texture": "#1"},
				"east": {"uv": [0, 0, 2, 6], "texture": "#missing"},
				"south": {"uv": [0.25, 5.625, 1.375, 6.375], "texture": "#1"},
				"west": {"uv": [0, 0, 2, 6], "texture": "#missing"},
				"up": {"uv": [0.25, 5.375, 1.375, 5.625], "texture": "#1"},
				"down": {"uv": [1.625, 6.375, 2.5, 6.625], "texture": "#1"}
			}
		},
		{
			"from": [4, 3, -1],
			"to": [16, 9, 1],
			"rotation": {"angle": 0, "axis": "y", "origin": [7, 8, 8]},
			"faces": {
				"north": {"uv": [10.25, 1.25, 11.75, 2], "texture": "#1"},
				"east": {"uv": [0, 0, 2, 6], "texture": "#missing"},
				"south": {"uv": [8.5, 1.25, 10, 2], "texture": "#1"},
				"west": {"uv": [0, 0, 2, 6], "texture": "#missing"},
				"up": {"uv": [8.5, 1, 10, 1.25], "texture": "#1"},
				"down": {"uv": [10, 1, 11.5, 1.25], "texture": "#1"}
			}
		},
		{
			"from": [4, 3, 15],
			"to": [16, 9, 17],
			"rotation": {"angle": 0, "axis": "y", "origin": [8, 8, 24]},
			"faces": {
				"north": {"uv": [10, 0.25, 11.5, 1], "texture": "#1"},
				"east": {"uv": [0, 0, 2, 6], "texture": "#missing"},
				"south": {"uv": [8.5, 0.25, 10, 1], "texture": "#1"},
				"west": {"uv": [0, 0, 2, 6], "texture": "#missing"},
				"up": {"uv": [8.5, 0, 10, 0.25], "texture": "#1"},
				"down": {"uv": [10, 0, 11.5, 0.25], "texture": "#1"}
			}
		},
		{
			"from": [24, 5, 0],
			"to": [25, 8, 3],
			"rotation": {"angle": 0, "axis": "y", "origin": [7, 8, 8]},
			"faces": {
				"north": {"uv": [4.5, 12.25, 4.75, 13], "texture": "#0"},
				"east": {"uv": [3.75, 12.25, 4.5, 13], "texture": "#0"},
				"south": {"uv": [3.5, 12.25, 3.75, 13], "texture": "#0"},
				"west": {"uv": [4.75, 12.25, 5.5, 13], "texture": "#0"},
				"up": {"uv": [3.75, 12, 4.5, 12.25], "rotation": 90, "texture": "#0"},
				"down": {"uv": [4.5, 12, 5.25, 12.25], "rotation": 90, "texture": "#0"}
			}
		},
		{
			"from": [-9, 5, 0],
			"to": [-8, 8, 3],
			"rotation": {"angle": 0, "axis": "y", "origin": [-26, 8, 8]},
			"faces": {
				"north": {"uv": [4.5, 12.25, 4.75, 13], "texture": "#0"},
				"east": {"uv": [4.75, 13.25, 5.5, 14], "texture": "#0"},
				"south": {"uv": [3.5, 12.25, 3.75, 13], "texture": "#0"},
				"west": {"uv": [3.75, 13.25, 4.5, 14], "texture": "#0"},
				"up": {"uv": [3.75, 12, 4.5, 12.25], "rotation": 90, "texture": "#0"},
				"down": {"uv": [4.5, 12, 5.25, 12.25], "rotation": 90, "texture": "#0"}
			}
		},
		{
			"from": [24, 5, 12],
			"to": [25, 8, 15],
			"rotation": {"angle": 0, "axis": "y", "origin": [7, 8, 8]},
			"faces": {
				"north": {"uv": [4.5, 12.25, 4.75, 13], "texture": "#0"},
				"east": {"uv": [3.75, 12.25, 4.5, 13], "texture": "#0"},
				"south": {"uv": [3.5, 12.25, 3.75, 13], "texture": "#0"},
				"west": {"uv": [4.75, 12.25, 5.5, 13], "texture": "#0"},
				"up": {"uv": [3.75, 12, 4.5, 12.25], "rotation": 90, "texture": "#0"},
				"down": {"uv": [4.5, 12, 5.25, 12.25], "rotation": 90, "texture": "#0"}
			}
		},
		{
			"from": [-9, 5, 12],
			"to": [-8, 8, 15],
			"rotation": {"angle": 0, "axis": "y", "origin": [-26, 8, 8]},
			"faces": {
				"north": {"uv": [4.5, 12.25, 4.75, 13], "texture": "#0"},
				"east": {"uv": [4.75, 13.25, 5.5, 14], "texture": "#0"},
				"south": {"uv": [3.5, 12.25, 3.75, 13], "texture": "#0"},
				"west": {"uv": [3.75, 13.25, 4.5, 14], "texture": "#0"},
				"up": {"uv": [3.75, 12, 4.5, 12.25], "rotation": 90, "texture": "#0"},
				"down": {"uv": [4.5, 12, 5.25, 12.25], "rotation": 90, "texture": "#0"}
			}
		},
		{
			"from": [7, 3, 2],
			"to": [15, 4, 14],
			"faces": {
				"north": {"uv": [0, 15.25, 2.5, 15.5], "texture": "#0"},
				"east": {"uv": [2.5, 15.25, 5.5, 15.5], "texture": "#0"},
				"south": {"uv": [5.5, 15.25, 9.5, 15.5], "texture": "#0"},
				"west": {"uv": [2.5, 15.25, 5.5, 15.5], "texture": "#0"},
				"up": {"uv": [0, 12, 2, 15], "texture": "#0"},
				"down": {"uv": [0, 0, 8, 12], "texture": "#missing"}
			}
		},
		{
			"from": [5.5, 4, 2],
			"to": [7.5, 12, 14],
			"faces": {
				"north": {"uv": [6.5, 9.75, 7, 11.75], "texture": "#0"},
				"east": {"uv": [3.5, 9.75, 6.5, 11.75], "texture": "#0"},
				"south": {"uv": [3, 9.75, 3.5, 11.75], "texture": "#0"},
				"west": {"uv": [0, 9.75, 3, 11.75], "texture": "#0"},
				"up": {"uv": [2.25, 12, 3.25, 15], "texture": "#0"},
				"down": {"uv": [0, 0, 12, 2], "rotation": 90, "texture": "#missing"}
			}
		},
		{
			"from": [-3.5, 3, 2],
			"to": [4.5, 4, 14],
			"rotation": {"angle": 0, "axis": "z", "origin": [-2.5, 8, 8]},
			"faces": {
				"north": {"uv": [0, 15.25, 2.5, 15.5], "texture": "#0"},
				"east": {"uv": [2.5, 15.25, 5.5, 15.5], "texture": "#0"},
				"south": {"uv": [5.5, 15.25, 9.5, 15.5], "texture": "#0"},
				"west": {"uv": [2.5, 15.25, 5.5, 15.5], "texture": "#0"},
				"up": {"uv": [0, 12, 2, 15], "texture": "#0"},
				"down": {"uv": [0, 0, 8, 12], "texture": "#missing"}
			}
		},
		{
			"from": [-5, 4, 2],
			"to": [-3, 12, 14],
			"rotation": {"angle": 0, "axis": "z", "origin": [-2.5, 8, 8]},
			"faces": {
				"north": {"uv": [6.5, 9.75, 7, 11.75], "texture": "#0"},
				"east": {"uv": [3.5, 9.75, 6.5, 11.75], "texture": "#0"},
				"south": {"uv": [3, 9.75, 3.5, 11.75], "texture": "#0"},
				"west": {"uv": [0, 9.75, 3, 11.75], "texture": "#0"},
				"up": {"uv": [2.25, 12, 3.25, 15], "texture": "#0"},
				"down": {"uv": [0, 0, 12, 2], "rotation": 90, "texture": "#missing"}
			}
		},
		{
			"from": [-4, 0, -2],
			"to": [2, 3, 0],
			"faces": {
				"north": {"uv": [3.125, 5.375, 3.625, 5.75], "texture": "#1"},
				"east": {"uv": [3.125, 5.375, 3.625, 5.75], "texture": "#1"},
				"south": {"uv": [3.125, 5.375, 3.625, 5.75], "texture": "#1"},
				"west": {"uv": [3.125, 5.375, 3.625, 5.75], "texture": "#1"},
				"up": {"uv": [3.375, 5.75, 3.5, 6.5], "texture": "#1"},
				"down": {"uv": [3.125, 5.75, 3.375, 6.5], "texture": "#1"}
			}
		},
		{
			"from": [-4, 0, 16],
			"to": [2, 3, 18],
			"rotation": {"angle": 0, "axis": "y", "origin": [8, 8, 26]},
			"faces": {
				"north": {"uv": [3.125, 5.375, 3.625, 5.75], "texture": "#1"},
				"east": {"uv": [3.125, 5.375, 3.625, 5.75], "texture": "#1"},
				"south": {"uv": [3.125, 5.375, 3.625, 5.75], "texture": "#1"},
				"west": {"uv": [3.125, 5.375, 3.625, 5.75], "texture": "#1"},
				"up": {"uv": [3.375, 5.75, 3.5, 6.5], "texture": "#1"},
				"down": {"uv": [3.125, 5.75, 3.375, 6.5], "texture": "#1"}
			}
		},
		{
			"from": [13, 0, -2],
			"to": [19, 3, 0],
			"faces": {
				"north": {"uv": [3.125, 5.375, 3.625, 5.75], "texture": "#1"},
				"east": {"uv": [3.125, 5.375, 3.625, 5.75], "texture": "#1"},
				"south": {"uv": [3.125, 5.375, 3.625, 5.75], "texture": "#1"},
				"west": {"uv": [3.125, 5.375, 3.625, 5.75], "texture": "#1"},
				"up": {"uv": [3.375, 5.75, 3.5, 6.5], "texture": "#1"},
				"down": {"uv": [3.125, 5.75, 3.375, 6.5], "texture": "#1"}
			}
		},
		{
			"from": [13, 0, 16],
			"to": [19, 3, 18],
			"rotation": {"angle": 0, "axis": "y", "origin": [8, 8, 26]},
			"faces": {
				"north": {"uv": [3.125, 5.375, 3.625, 5.75], "texture": "#1"},
				"east": {"uv": [3.125, 5.375, 3.625, 5.75], "texture": "#1"},
				"south": {"uv": [3.125, 5.375, 3.625, 5.75], "texture": "#1"},
				"west": {"uv": [3.125, 5.375, 3.625, 5.75], "texture": "#1"},
				"up": {"uv": [3.375, 5.75, 3.5, 6.5], "texture": "#1"},
				"down": {"uv": [3.125, 5.75, 3.375, 6.5], "texture": "#1"}
			}
		}
	],
	"display": {
		"thirdperson_righthand": {
			"rotation": [68, 90, 0],
			"translation": [0, 0.5, 0],
			"scale": [0.2, 0.2, 0.2]
		},
		"thirdperson_lefthand": {
			"rotation": [68, -90, 0],
			"translation": [0, 0.5, 0],
			"scale": [0.2, 0.2, 0.2]
		},
		"firstperson_righthand": {
			"rotation": [-45, 90, 0],
			"translation": [-1.5, 3.5, 3],
			"scale": [0.3, 0.3, 0.3]
		},
		"firstperson_lefthand": {
			"rotation": [-45, -90, 0],
			"translation": [-1.5, 3.5, 3],
			"scale": [0.3, 0.3, 0.3]
		},
		"ground": {
			"translation": [0, 2, 0],
			"scale": [0.25, 0.25, 0.25]
		},
		"gui": {
			"rotation": [10, -115, 0],
			"translation": [0, 1.5, 0],
			"scale": [0.6, 0.6, 0.6]
		},
		"fixed": {
			"rotation": [-90, 0, 0],
			"translation": [0, 0, -8]
		}
	},
	"groups": [0, 1, 2, 3, 4, 5, 6, 7, 8, 9, 10,
		{
			"name": "group",
			"origin": [8, 8, 8],
			"color": 0,
			"children": [11, 12]
		},
		{
			"name": "group",
			"origin": [8, 8, 8],
			"color": 0,
			"children": [13, 14]
		}, 15, 16, 17, 18]
}